Категория,Термин (EN),Термин (RU),Термин (KZ),Определение,Пример из документа
Данные,demographics,Таблица демографии,Демография кестесі,Таблица БД с демографическими данными клиентов,FROM demographics
Данные,customer_id,ID клиента,Клиент идентификаторы,Уникальный идентификатор клиента; по нему считают количество клиентов,COUNT(customer_id)
Данные,gender,Пол,Жынысы,Пол клиента; признак сегментации,"GROUP BY gender, age_group"
Данные,age,Возраст,Жасы,Точный возраст клиента в годах,WHERE age BETWEEN 18 AND 25
Данные,age_group,Возрастная группа,Жас тобы,"Диапазон возраста (например 25-34), в который попадает клиент",GROUP BY age_group
Данные,income_bracket,Категория дохода,Табыс деңгейі,"Уровень дохода клиента (Low, Middle, Upper-Middle, High)","WHERE income_bracket IN ('High','Upper-Middle')"
Данные,marital_status,Семейное положение,Отбасы жағдайы,"Семейный статус клиента (женат/замужем, холост и т.д.)","GROUP BY marital_status, income_bracket"
Метрика (алиас),total_customers,Всего клиентов,Клиенттердің жалпы саны,Количество клиентов в группе (пол + возраст),COUNT(customer_id) AS total_customers
Метрика (алиас),percentage_share,Процентная доля,Пайыздық үлес,Доля группы от всей клиентской базы в %,"ROUND(... * 100.0 / ..., 2) AS percentage_share"
Метрика (алиас),customer_count,Число клиентов,Клиенттер саны,Количество клиентов в сегменте,COUNT(customer_id) AS customer_count
Метрика (алиас),avg_age,Средний возраст,Орташа жас,Средний возраст клиентов в сегменте,"ROUND(AVG(age), 1) AS avg_age"
Метрика (алиас),young_budget_users,Молодые бюджетные клиенты,Жас бюджеттік пайдаланушылар,Количество молодых клиентов (18-25) по уровню дохода,COUNT(customer_id) AS young_budget_users
Метрика (алиас),total_users,Всего пользователей,Пайдаланушылардың жалпы саны,Количество клиентов в возрастной группе,COUNT(customer_id) AS total_users
Метрика (алиас),share_percentage,Доля в процентах,Пайыздық үлес,Доля возрастной группы от всей базы,AS share_percentage
SQL,SELECT,Выбрать,Таңдау,"Оператор, указывающий, какие столбцы или расчёты вывести","SELECT gender, age_group"
SQL,FROM,Из,Қайдан,Указывает таблицу-источник данных,FROM demographics
SQL,WHERE,Условие фильтра,Сүзгі шарты,Фильтрует строки ДО группировки,WHERE age BETWEEN 18 AND 25
SQL,GROUP BY,Группировка,Топтау,Объединяет строки с одинаковыми значениями для агрегации,"GROUP BY gender, age_group"
SQL,ORDER BY,Сортировка,Сұрыптау,Упорядочивает результат по выбранному столбцу,ORDER BY total_customers DESC
SQL,DESC,По убыванию,Кему ретімен,Сортировка от большего к меньшему,ORDER BY ... DESC
SQL,ASC,По возрастанию,Өсу ретімен,Сортировка от меньшего к большему,ORDER BY age_group ASC
SQL,COUNT(),Подсчёт,Санау,Агрегатная функция: считает количество строк,COUNT(customer_id)
SQL,AVG(),Среднее значение,Орташа мән,Агрегатная функция: вычисляет среднее,AVG(age)
SQL,ROUND(),Округление,Дөңгелектеу,Округляет число до заданного количества знаков,"ROUND(AVG(age), 1)"
SQL,BETWEEN,Между,Аралығында,"Проверяет, что значение в диапазоне (включая границы)",age BETWEEN 18 AND 25
SQL,IN,Входит в список,Тізімде бар,"Проверяет, что значение входит в перечень","income_bracket IN ('High','Upper-Middle')"
SQL,AS (alias),Псевдоним,Бүркеншік ат,Временное понятное имя для столбца или расчёта,AS total_customers
SQL,Subquery,Подзапрос,Ішкі сұраныс,Запрос внутри другого запроса; здесь считает общее число клиентов,(SELECT COUNT(*) FROM demographics)
SQL,Aggregate function,Агрегатная функция,Агрегаттық функция,"Функция, сводящая много строк к одному значению (COUNT, AVG, SUM)","COUNT, AVG"
Бизнес,Demographic marketing,Демографический маркетинг,Демографиялық маркетинг,"Маркетинг на основе возраста, пола, дохода, семейного статуса",Весь документ
Бизнес,Segmentation,Сегментация,Сегменттеу,Разделение клиентов на группы со схожими признаками,Табыс деңгейі бойынша сегментация
Бизнес,Core audience,Ядро аудитории,Аудитория ядросы,"Группа клиентов, приносящая основную часть выручки",Запрос №1
Бизнес,Pareto principle (80/20),Принцип Парето,Парето принципі,Около 80% результата дают 20% клиентов; поэтому маркетологи фокусируются на ядре,«кто делает 80% выручки»
Бизнес,Extremes / outliers,Экстремы / выбросы,Экстремалды мәндер,"Крайние значения (например, возраст 15 или 90), которых мало и бюджет на них не выделяют",Заменены на 5 практичных срезов
Бизнес,Premium segment,Премиум-сегмент,Премиум сегмент,"Клиенты с высоким доходом, целевая аудитория дорогих товаров",Запрос №2
Бизнес,VIP status,VIP-статус,VIP-мәртебе,Особые условия для самых ценных клиентов вместо массовых скидок,Запрос №2
Бизнес,Cross-marketing,Кросс-маркетинг,Кросс-маркетинг,Предложение сопутствующих товаров и акций целевой группе,"Запрос №3 («2+1», семейные наборы)"
Бизнес,Family bundle promo,Семейный набор,Отбасылық жиынтық,Акция с комплектом товаров для семьи,Запрос №3
Бизнес,Budget audience,Бюджетная аудитория,Бюджеттік аудитория,"Молодые клиенты с низким доходом, будущие постоянные покупатели",Запрос №4
Бизнес,Student discount,Студенческая скидка,Студенттік жеңілдік,Скидка для студентов для привлечения молодой аудитории,Запрос №4
Бизнес,Age diversity,Возрастной баланс,Жас теңгерімі,Равномерность распределения клиентов по возрастным группам,Запрос №5
Бизнес,Customer base dependency,Зависимость от одной группы,Бір топқа тәуелділік,"Риск, когда бизнес держится на одном возрасте или сегменте",Запрос №5
Бизнес,E-commerce,Электронная коммерция,Электрондық коммерция,Продажа товаров через интернет,«крупных e-commerce компаний»
Бизнес,Target advertising,Таргетированная реклама,Таргеттелген жарнама,"Реклама, нацеленная на конкретный сегмент (баннеры, Instagram)",Запрос №1
Бизнес,Marketing budget,Маркетинговый бюджет,Маркетинг бюджеті,"Средства, выделяемые на продвижение",«на них бюджет не выделишь»
Бизнес,Brand face,«Лицо» бренда,Брендтің «беті»,"Типичный клиент, образ которого используют в коммуникации",Запрос №1
